movie_id,genres,movie_id,averagerating,numvotes,ordering
tt0364201,Action,tt0364201,6.4,16,1
tt6848590,"Action,Adult,Comedy",tt6848590,3.4,28,1
tt1136688,"Action,Adventure",tt1136688,3.3,1428,1
tt0448694,"Action,Adventure,Animation",tt0448694,6.6,133355,1
tt1390411,"Action,Adventure,Biography",tt1390411,6.9,108628,1
tt0448115,"Action,Adventure,Comedy",tt0448115,7.4,109051,1
tt0480255,"Action,Adventure,Crime",tt0480255,6.4,83876,1
tt1523320,"Action,Adventure,Documentary",tt1523320,8.3,47,1
tt0485985,"Action,Adventure,Drama",tt0485985,5.9,31815,1
tt0938283,"Action,Adventure,Family",tt0938283,4.1,137734,1
tt0451279,"Action,Adventure,Fantasy",tt0451279,7.5,487527,1
tt1220217,"Action,Adventure,History",tt1220217,4.5,654,1
tt0496375,"Action,Adventure,Horror",tt0496375,3.7,1106,1
tt2191853,"Action,Adventure,Music",tt2191853,4.1,176,1
tt7957456,"Action,Adventure,Musical",tt7957456,8.7,42,1
tt1328873,"Action,Adventure,Mystery",tt1328873,4.6,33,1
tt1321869,"Action,Adventure,Romance",tt1321869,4.6,2867,1
tt0369610,"Action,Adventure,Sci-Fi",tt0369610,7.0,539338,1
tt6210456,"Action,Adventure,Sport",tt6210456,7.6,31,1
tt0429493,"Action,Adventure,Thriller",tt0429493,6.8,235256,1
tt1814644,"Action,Adventure,War",tt1814644,5.5,188,1
tt1210819,"Action,Adventure,Western",tt1210819,6.4,208827,1
tt1527821,"Action,Animation",tt1527821,6.1,160,1
tt3993370,"Action,Animation,Biography",tt3993370,5.8,20,1
tt0249516,"Action,Animation,Comedy",tt0249516,1.9,8248,1
tt1651332,"Action,Animation,Crime",tt1651332,5.1,27,1
tt2959680,"Action,Animation,Documentary",tt2959680,7.0,32,1
tt0860907,"Action,Animation,Drama",tt0860907,7.0,8215,1
tt1690470,"Action,Animation,Family",tt1690470,6.2,1314,1
tt1071809,"Action,Animation,Fantasy",tt1071809,3.6,220,1
tt2449630,"Action,Animation,History",tt2449630,7.5,11,1
tt1512222,"Action,Animation,Horror",tt1512222,4.1,321,1
tt3709868,"Action,Animation,Music",tt3709868,4.8,11,1
tt1645129,"Action,Animation,Sci-Fi",tt1645129,4.6,290,1
tt3971764,"Action,Animation,Sport",tt3971764,7.5,132,1
tt3177704,"Action,Biography",tt3177704,6.5,15,1
tt1522276,"Action,Biography,Comedy",tt1522276,7.8,79,1
tt0835775,"Action,Biography,Crime",tt0835775,4.6,701,1
tt1536420,"Action,Biography,Documentary",tt1536420,7.1,9,1
tt10011102,"Action,Biography,Drama",tt10011102,8.0,55,1
tt1865374,"Action,Biography,History",tt1865374,1.3,33,1
tt3296908,"Action,Biography,Thriller",tt3296908,6.4,10993,1
tt1059887,"Action,Comedy",tt1059887,4.2,2704,1
tt0423474,"Action,Comedy,Crime",tt0423474,4.2,468,1
tt1116184,"Action,Comedy,Documentary",tt1116184,7.0,53289,1
tt1251743,"Action,Comedy,Drama",tt1251743,5.3,4220,1
tt1273678,"Action,Comedy,Family",tt1273678,5.5,36767,1
tt0446029,"Action,Comedy,Fantasy",tt0446029,7.5,339338,1
tt1941478,"Action,Comedy,History",tt1941478,7.1,1606,1
tt1183489,"Action,Comedy,Horror",tt1183489,3.2,458,1
tt1885250,"Action,Comedy,Music",tt1885250,6.3,6,1
tt1801113,"Action,Comedy,Musical",tt1801113,4.0,154,1
tt1774508,"Action,Comedy,Mystery",tt1774508,7.7,14,1
tt1038919,"Action,Comedy,Romance",tt1038919,5.6,112444,1
tt1034314,"Action,Comedy,Sci-Fi",tt1034314,5.9,87609,1
tt1648179,"Action,Comedy,Sport",tt1648179,6.4,81761,1
tt1352388,"Action,Comedy,Thriller",tt1352388,3.9,5236,1
tt3408808,"Action,Comedy,War",tt3408808,2.8,5,1
tt1533117,"Action,Comedy,Western",tt1533117,7.4,8234,1
tt10017680,"Action,Crime",tt10017680,6.0,180,1
tt2015367,"Action,Crime,Documentary",tt2015367,7.7,261,1
tt0063540,"Action,Crime,Drama",tt0063540,7.0,77,1
tt1578882,"Action,Crime,Fantasy",tt1578882,5.1,10123,1
tt2229201,"Action,Crime,History",tt2229201,4.1,166,1
tt0873886,"Action,Crime,Horror",tt0873886,6.2,59266,1
tt1792122,"Action,Crime,Music",tt1792122,7.9,53,1
tt2006036,"Action,Crime,Musical",tt2006036,4.4,5,1
tt1079360,"Action,Crime,Mystery",tt1079360,4.9,1929,1
tt1582560,"Action,Crime,Romance",tt1582560,5.4,356,1
tt1053424,"Action,Crime,Sci-Fi",tt1053424,6.3,96144,1
tt2058673,"Action,Crime,Sport",tt2058673,5.3,53802,1
tt0455944,"Action,Crime,Thriller",tt0455944,7.2,302302,1
tt5196148,"Action,Crime,Western",tt5196148,6.8,12,1
tt1582399,"Action,Documentary",tt1582399,5.5,16,1
tt1608217,"Action,Documentary,Drama",tt1608217,8.2,93,1
tt1574541,"Action,Documentary,Family",tt1574541,6.6,14,1
tt1564048,"Action,Documentary,History",tt1564048,8.4,13,1
tt4643328,"Action,Documentary,Horror",tt4643328,6.4,5,1
tt3230012,"Action,Documentary,News",tt3230012,6.7,27,1
tt1550623,"Action,Documentary,Sport",tt1550623,9.2,8,1
tt3302498,"Action,Documentary,Thriller",tt3302498,7.6,57,1
tt1576476,"Action,Documentary,War",tt1576476,8.1,16,1
tt0276568,"Action,Drama",tt0276568,7.4,5,1
tt0433035,"Action,Drama,Family",tt0433035,7.1,283534,1
tt0805617,"Action,Drama,Fantasy",tt0805617,6.6,108,1
tt1242521,"Action,Drama,History",tt1242521,7.0,2396,1
tt0775440,"Action,Drama,Horror",tt0775440,4.3,21968,1
tt1325717,"Action,Drama,Music",tt1325717,6.4,95,1
tt3091982,"Action,Drama,Musical",tt3091982,5.6,76,1
tt1262415,"Action,Drama,Mystery",tt1262415,6.2,687,1
tt1832420,"Action,Drama,News",tt1832420,4.6,8,1
tt1198101,"Action,Drama,Romance",tt1198101,6.1,11353,1
tt0945513,"Action,Drama,Sci-Fi",tt0945513,7.5,452036,1
tt0849437,"Action,Drama,Sport",tt0849437,6.0,35,1
tt0882977,"Action,Drama,Thriller",tt0882977,6.5,78142,1
tt1270114,"Action,Drama,War",tt1270114,5.3,2028,1
tt1158939,"Action,Drama,Western",tt1158939,5.7,1034,1
tt1691453,"Action,Family",tt1691453,5.0,2266,1
tt1041804,"Action,Family,Fantasy",tt1041804,4.3,3119,1
tt1886449,"Action,Family,Mystery",tt1886449,5.5,182,1
tt2271427,"Action,Family,Romance",tt2271427,7.1,14,1
tt1629766,"Action,Family,Sci-Fi",tt1629766,4.2,247,1
tt6737944,"Action,Family,Thriller",tt6737944,7.7,94,1
tt2741626,"Action,Family,Western",tt2741626,6.9,17,1
tt1554970,"Action,Fantasy",tt1554970,5.7,128,1
tt1773733,"Action,Fantasy,History",tt1773733,7.5,48,1
tt1038686,"Action,Fantasy,Horror",tt1038686,5.2,92709,1
tt1688225,"Action,Fantasy,Mystery",tt1688225,6.8,73,1
tt1857913,"Action,Fantasy,Romance",tt1857913,5.9,7691,1
tt1329350,"Action,Fantasy,Sci-Fi",tt1329350,4.4,50,1
tt1071875,"Action,Fantasy,Thriller",tt1071875,4.3,103608,1
tt1253863,"Action,Fantasy,War",tt1253863,6.2,262978,1
tt1032751,"Action,Fantasy,Western",tt1032751,6.3,24271,1
tt1606761,"Action,History",tt1606761,7.3,576,1
tt1730189,"Action,History,Horror",tt1730189,4.5,74,1
tt2305114,"Action,History,Romance",tt2305114,6.4,131,1
tt1442571,"Action,History,Thriller",tt1442571,6.4,7100,1
tt2993698,"Action,History,War",tt2993698,7.2,1212,1
tt1433183,"Action,Horror",tt1433183,3.8,118,1
tt1139592,"Action,Horror,Mystery",tt1139592,4.1,14586,1
tt2649126,"Action,Horror,Romance",tt2649126,7.2,14,1
tt0923653,"Action,Horror,Sci-Fi",tt0923653,3.0,791,1
tt2338708,"Action,Horror,Sport",tt2338708,4.3,141,1
tt0829176,"Action,Horror,Thriller",tt0829176,3.6,6793,1
tt1885235,"Action,Horror,Western",tt1885235,3.4,75,1
tt2100613,"Action,Music",tt2100613,5.0,86,1
tt1817683,"Action,Musical",tt1817683,5.2,9,1
tt1966497,"Action,Musical,Romance",tt1966497,7.9,13,1
tt3093106,"Action,Musical,Sci-Fi",tt3093106,7.3,14,1
tt2658660,"Action,Musical,Thriller",tt2658660,6.6,12,1
tt1651321,"Action,Mystery",tt1651321,2.2,27,1
tt5785200,"Action,Mystery,Romance",tt5785200,2.8,600,1
tt0969653,"Action,Mystery,Sci-Fi",tt0969653,3.8,586,1
tt0944835,"Action,Mystery,Thriller",tt0944835,6.4,277204,1
tt3803110,"Action,Mystery,Western",tt3803110,4.9,25,1
tt1781948,"Action,Romance",tt1781948,7.6,779,1
tt1237836,"Action,Romance,Sci-Fi",tt1237836,6.8,5,1
tt1941684,"Action,Romance,Sport",tt1941684,4.8,314,1
tt1681370,"Action,Romance,Thriller",tt1681370,5.3,195,1
tt1974319,"Action,Romance,War",tt1974319,7.8,95,1
tt3094390,"Action,Romance,Western",tt3094390,5.5,13,1
tt1134669,"Action,Sci-Fi",tt1134669,5.1,24,1
tt0409847,"Action,Sci-Fi,Thriller",tt0409847,6.0,195889,1
tt2265116,"Action,Sci-Fi,War",tt2265116,2.1,305,1
tt1548021,"Action,Sci-Fi,Western",tt1548021,6.8,17,1
tt1740661,"Action,Sport",tt1740661,4.4,233,1
tt2431478,"Action,Sport,Thriller",tt2431478,8.1,19,1
tt2477866,"Action,Sport,War",tt2477866,5.0,19,1
tt0403935,"Action,Thriller",tt0403935,3.3,2862,1
tt1370312,"Action,Thriller,War",tt1370312,4.5,216,1
tt1754484,"Action,Thriller,Western",tt1754484,8.1,16,1
tt1378811,"Action,War",tt1378811,2.4,246,1
tt1753916,"Action,Western",tt1753916,7.1,12,1
tt3718824,"Adult,Horror",tt3718824,2.0,128,1
tt0400320,Adventure,tt0400320,7.9,18,1
tt1183352,"Adventure,Animation",tt1183352,6.7,415,1
tt1686865,"Adventure,Animation,Biography",tt1686865,6.3,304,1
tt0137204,"Adventure,Animation,Comedy",tt0137204,8.1,263,1
tt1729572,"Adventure,Animation,Documentary",tt1729572,6.6,28,1
tt1181840,"Adventure,Animation,Drama",tt1181840,7.0,5494,1
tt0811021,"Adventure,Animation,Family",tt0811021,4.0,165,1
tt10068158,"Adventure,Animation,Fantasy",tt10068158,6.8,22,1
tt1934331,"Adventure,Animation,History",tt1934331,6.1,10,1
tt5234428,"Adventure,Animation,Horror",tt5234428,7.8,737,1
tt2179678,"Adventure,Animation,Musical",tt2179678,3.3,31,1
tt0312305,"Adventure,Animation,Sci-Fi",tt0312305,5.1,287,1
tt1206331,"Adventure,Biography",tt1206331,5.7,46,1
tt1178665,"Adventure,Biography,Comedy",tt1178665,6.3,22033,1
tt2082507,"Adventure,Biography,Crime",tt2082507,8.9,41,1
tt1307990,"Adventure,Biography,Documentary",tt1307990,8.7,11,1
tt1212428,"Adventure,Biography,Drama",tt1212428,6.6,66475,1
tt3685570,"Adventure,Biography,Family",tt3685570,6.1,18,1
tt1735308,"Adventure,Biography,History",tt1735308,6.1,23,1
tt0484828,"Adventure,Comedy",tt0484828,3.0,186,1
tt1152286,"Adventure,Comedy,Crime",tt1152286,8.0,18,1
tt1645773,"Adventure,Comedy,Documentary",tt1645773,8.8,24,1
tt0359950,"Adventure,Comedy,Drama",tt0359950,7.3,275300,1
tt0493949,"Adventure,Comedy,Family",tt0493949,6.6,16086,1
tt0790628,"Adventure,Comedy,Fantasy",tt0790628,5.9,67549,1
tt1763270,"Adventure,Comedy,History",tt1763270,4.7,149,1
tt1273207,"Adventure,Comedy,Horror",tt1273207,5.4,4957,1
tt1226229,"Adventure,Comedy,Music",tt1226229,6.4,161653,1
tt2090626,"Adventure,Comedy,Musical",tt2090626,8.3,6,1
tt1601468,"Adventure,Comedy,Mystery",tt1601468,5.4,9,1
tt0329539,"Adventure,Comedy,Romance",tt0329539,6.1,73,1
tt0765485,"Adventure,Comedy,Sci-Fi",tt0765485,5.2,54,1
tt1600846,"Adventure,Comedy,Thriller",tt1600846,8.3,9,1
tt3989912,"Adventure,Comedy,War",tt3989912,6.0,738,1
tt0461336,"Adventure,Comedy,Western",tt0461336,6.0,1727,1
tt6343490,"Adventure,Crime",tt6343490,8.5,15,1
tt1505400,"Adventure,Crime,Documentary",tt1505400,7.8,8,1
tt0844866,"Adventure,Crime,Drama",tt0844866,3.9,257,1
tt1664691,"Adventure,Crime,Family",tt1664691,5.8,70,1
tt6628228,"Adventure,Crime,Horror",tt6628228,5.8,1229,1
tt3140634,"Adventure,Crime,Romance",tt3140634,2.3,9,1
tt1422136,"Adventure,Crime,Thriller",tt1422136,6.3,25547,1
tt2449606,"Adventure,Crime,Western",tt2449606,4.8,8,1
tt1223236,"Adventure,Documentary",tt1223236,7.6,5784,1
tt1517579,"Adventure,Documentary,Drama",tt1517579,8.2,25,1
tt1507933,"Adventure,Documentary,Family",tt1507933,7.6,9,1
tt2772780,"Adventure,Documentary,Fantasy",tt2772780,7.8,18,1
tt1513745,"Adventure,Documentary,History",tt1513745,5.2,5,1
tt5863880,"Adventure,Documentary,Horror",tt5863880,8.0,10,1
tt1508041,"Adventure,Documentary,Music",tt1508041,7.6,32,1
tt4662934,"Adventure,Documentary,Musical",tt4662934,6.8,17,1
tt1701226,"Adventure,Documentary,Mystery",tt1701226,6.3,138,1
tt1471181,"Adventure,Documentary,News",tt1471181,8.1,12,1
tt2076157,"Adventure,Documentary,Reality-TV",tt2076157,5.4,30,1
tt2124818,"Adventure,Documentary,Romance",tt2124818,7.2,169,1
tt4292554,"Adventure,Documentary,Sci-Fi",tt4292554,6.5,585,1
tt1530991,"Adventure,Documentary,Sport",tt1530991,7.2,339,1
tt1820592,"Adventure,Documentary,Western",tt1820592,6.9,25,1
tt1020559,"Adventure,Drama",tt1020559,6.8,509,1
tt0970179,"Adventure,Drama,Family",tt0970179,7.5,284869,1
tt0454876,"Adventure,Drama,Fantasy",tt0454876,7.9,535836,1
tt0490215,"Adventure,Drama,History",tt0490215,7.2,85242,1
tt0907305,"Adventure,Drama,Horror",tt0907305,5.3,840,1
tt1545295,"Adventure,Drama,Music",tt1545295,7.2,50,1
tt2182235,"Adventure,Drama,Musical",tt2182235,5.0,6,1
tt0477302,"Adventure,Drama,Mystery",tt0477302,6.9,93164,1
tt0337692,"Adventure,Drama,Romance",tt0337692,6.1,37886,1
tt0816692,"Adventure,Drama,Sci-Fi",tt0816692,8.6,1299334,1
tt1280010,"Adventure,Drama,Sport",tt1280010,6.3,162,1
tt0881320,"Adventure,Drama,Thriller",tt0881320,5.9,51318,1
tt1949597,"Adventure,Drama,War",tt1949597,6.5,11,1
tt1403865,"Adventure,Drama,Western",tt1403865,7.6,284034,1
tt0826823,"Adventure,Family",tt0826823,3.2,94,1
tt0814255,"Adventure,Family,Fantasy",tt0814255,5.9,165108,1
tt2078608,"Adventure,Family,Horror",tt2078608,4.8,9,1
tt5122374,"Adventure,Family,Music",tt5122374,5.6,800,1
tt1997289,"Adventure,Family,Musical",tt1997289,6.2,280,1
tt1669768,"Adventure,Family,Mystery",tt1669768,5.1,212,1
tt2117902,"Adventure,Family,Romance",tt2117902,5.0,38,1
tt2183034,"Adventure,Family,Sci-Fi",tt2183034,5.8,17627,1
tt3462828,"Adventure,Family,Sport",tt3462828,6.3,61,1
tt1886504,"Adventure,Family,Western",tt1886504,2.5,170,1
tt1170358,"Adventure,Fantasy",tt1170358,7.8,565563,1
tt2908048,"Adventure,Fantasy,History",tt2908048,3.0,48,1
tt1401143,"Adventure,Fantasy,Horror",tt1401143,6.7,23923,1
tt1746248,"Adventure,Fantasy,Musical",tt1746248,7.5,40,1
tt0926084,"Adventure,Fantasy,Mystery",tt0926084,7.7,425530,1
tt2976766,"Adventure,Fantasy,Romance",tt2976766,6.4,52,1
tt1736026,"Adventure,Fantasy,Sci-Fi",tt1736026,6.7,26,1
tt2579538,"Adventure,Fantasy,Thriller",tt2579538,6.1,12,1
tt6983064,"Adventure,Fantasy,War",tt6983064,6.7,6,1
tt1444680,"Adventure,History",tt1444680,5.6,659,1
tt1929407,"Adventure,History,Mystery",tt1929407,3.9,12,1
tt2776074,"Adventure,History,Romance",tt2776074,6.1,1337,1
tt1517506,"Adventure,Horror",tt1517506,5.2,497,1
tt1329404,"Adventure,Horror,Mystery",tt1329404,3.8,1124,1
tt1600439,"Adventure,Horror,Romance",tt1600439,5.6,666,1
tt1034385,"Adventure,Horror,Sci-Fi",tt1034385,6.0,9059,1
tt0858422,"Adventure,Horror,Thriller",tt0858422,5.6,87,1
tt1584747,"Adventure,Horror,Western",tt1584747,5.6,33,1
tt2759608,"Adventure,Music",tt2759608,7.9,14,1
tt5068674,"Adventure,Music,Romance",tt5068674,7.0,26,1
tt2948426,"Adventure,Music,Sci-Fi",tt2948426,4.0,181,1
tt7509680,"Adventure,Musical",tt7509680,6.7,7,1
tt1381773,"Adventure,Mystery",tt1381773,6.4,48,1
tt1337180,"Adventure,Mystery,Romance",tt1337180,6.2,13,1
tt1446714,"Adventure,Mystery,Sci-Fi",tt1446714,7.0,538720,1
tt1757936,"Adventure,Mystery,Thriller",tt1757936,8.2,17,1
tt4543548,"Adventure,News",tt4543548,6.7,52,1
tt1316072,"Adventure,Romance",tt1316072,7.6,346,1
tt3074366,"Adventure,Romance,Sci-Fi",tt3074366,8.3,6,1
tt2076788,"Adventure,Romance,Sport",tt2076788,4.6,17,1
tt3977806,"Adventure,Romance,Thriller",tt3977806,6.4,91,1
tt1342106,"Adventure,Sci-Fi",tt1342106,6.1,26,1
tt2124785,"Adventure,Sci-Fi,Thriller",tt2124785,5.4,16,1
tt2010919,"Adventure,Sport",tt2010919,5.2,10,1
tt1993421,"Adventure,Thriller",tt1993421,6.9,13,1
tt3205376,"Adventure,Western",tt3205376,6.9,38237,1
tt0996976,Animation,tt0996976,6.6,15,1
tt1049406,"Animation,Biography",tt1049406,6.7,146,1
tt1513891,"Animation,Biography,Comedy",tt1513891,8.2,13,1
tt2766004,"Animation,Biography,Crime",tt2766004,7.3,285,1
tt1567766,"Animation,Biography,Documentary",tt1567766,8.4,31,1
tt1621766,"Animation,Biography,Drama",tt1621766,7.3,526,1
tt2708602,"Animation,Biography,Family",tt2708602,4.8,16,1
tt4330400,"Animation,Biography,Fantasy",tt4330400,6.3,6,1
tt2086840,"Animation,Biography,History",tt2086840,6.4,25,1
tt1340803,"Animation,Comedy",tt1340803,4.8,766,1
tt0844993,"Animation,Comedy,Crime",tt0844993,4.8,11281,1
tt1863441,"Animation,Comedy,Documentary",tt1863441,7.7,18,1
tt1172587,"Animation,Comedy,Drama",tt1172587,5.7,1455,1
tt0837562,"Animation,Comedy,Family",tt0837562,7.1,204571,1
tt0892062,"Animation,Comedy,Fantasy",tt0892062,7.1,78,1
tt2966560,"Animation,Comedy,History",tt2966560,4.3,23,1
tt3712588,"Animation,Comedy,Horror",tt3712588,4.6,14,1
tt2322316,"Animation,Comedy,Music",tt2322316,7.6,231,1
tt1655413,"Animation,Comedy,Musical",tt1655413,6.3,6465,1
tt1546036,"Animation,Comedy,Mystery",tt1546036,6.2,3637,1
tt1214993,"Animation,Comedy,Romance",tt1214993,6.4,9,1
tt0915463,"Animation,Comedy,Sci-Fi",tt0915463,5.3,1178,1
tt1778359,"Animation,Crime,Documentary",tt1778359,8.4,29,1
tt1235830,"Animation,Crime,Drama",tt1235830,7.2,7992,1
tt0969345,"Animation,Crime,Music",tt0969345,7.0,1498,1
tt5714216,"Animation,Crime,Mystery",tt5714216,8.2,526,1
tt5432712,"Animation,Crime,Thriller",tt5432712,6.8,635,1
tt1664794,"Animation,Documentary",tt1664794,6.7,102,1
tt1719558,"Animation,Documentary,Drama",tt1719558,7.6,16,1
tt1588374,"Animation,Documentary,Family",tt1588374,8.4,47,1
tt3014250,"Animation,Documentary,History",tt3014250,7.6,9,1
tt1521660,"Animation,Documentary,Music",tt1521660,7.7,7,1
tt6067832,"Animation,Documentary,Mystery",tt6067832,8.2,1014,1
tt1506940,"Animation,Documentary,News",tt1506940,7.0,317,1
tt1876416,"Animation,Documentary,War",tt1876416,8.5,13,1
tt0775489,"Animation,Drama",tt0775489,7.5,31734,1
tt1577113,"Animation,Drama,Family",tt1577113,7.3,20,1
tt1657293,"Animation,Drama,Fantasy",tt1657293,4.8,21,1
tt0176694,"Animation,Drama,History",tt0176694,7.8,584,1
tt2279314,"Animation,Drama,Horror",tt2279314,5.7,55,1
tt4164556,"Animation,Drama,Music",tt4164556,4.4,19,1
tt2317103,"Animation,Drama,Musical",tt2317103,6.6,64,1
tt1559036,"Animation,Drama,Mystery",tt1559036,6.0,3305,1
tt1632544,"Animation,Drama,Romance",tt1632544,7.1,1927,1
tt1821641,"Animation,Drama,Sci-Fi",tt1821641,6.5,15996,1
tt4872210,"Animation,Drama,Sport",tt4872210,7.3,260,1
tt1808454,"Animation,Drama,Thriller",tt1808454,6.7,8262,1
tt1878842,"Animation,Drama,War",tt1878842,6.3,21,1
tt0498351,"Animation,Family",tt0498351,4.0,431,1
tt0765465,"Animation,Family,Fantasy",tt0765465,4.9,331,1
tt2506858,"Animation,Family,History",tt2506858,3.5,15,1
tt1980102,"Animation,Family,Music",tt1980102,6.7,19,1
tt1701992,"Animation,Family,Musical",tt1701992,6.7,193,1
tt7169514,"Animation,Family,Mystery",tt7169514,6.9,255,1
tt5502946,"Animation,Family,Sci-Fi",tt5502946,6.0,445,1
tt2652476,"Animation,Family,Sport",tt2652476,5.7,142,1
tt1828229,"Animation,Fantasy",tt1828229,6.9,1241,1
tt5157420,"Animation,Fantasy,History",tt5157420,5.2,22,1
tt1691454,"Animation,Fantasy,Horror",tt1691454,4.4,34,1
tt2851954,"Animation,Fantasy,Music",tt2851954,6.7,10,1
tt2118024,"Animation,Fantasy,Mystery",tt2118024,6.7,77,1
tt7230298,"Animation,Fantasy,Romance",tt7230298,8.2,10,1
tt3392330,"Animation,Fantasy,Sci-Fi",tt3392330,7.0,1136,1
tt1956456,"Animation,History",tt1956456,6.8,13,1
tt2328505,"Animation,History,Horror",tt2328505,6.7,991,1
tt3638542,"Animation,History,Music",tt3638542,6.8,21,1
tt1731145,"Animation,History,Musical",tt1731145,5.7,43,1
tt1331294,"Animation,Horror",tt1331294,7.0,514,1
tt2164058,"Animation,Horror,Music",tt2164058,7.0,71,1
tt3454574,"Animation,Horror,Mystery",tt3454574,6.5,2665,1
tt3691942,"Animation,Horror,Romance",tt3691942,2.8,6,1
tt1740684,"Animation,Horror,Sci-Fi",tt1740684,6.1,76,1
tt1746196,"Animation,Horror,Thriller",tt1746196,4.3,95,1
tt1660362,"Animation,Music",tt1660362,7.1,87,1
tt1872871,"Animation,Music,Romance",tt1872871,7.2,10,1
tt1690991,"Animation,Musical",tt1690991,6.5,97,1
tt1710994,"Animation,Mystery,Sci-Fi",tt1710994,5.3,170,1
tt4065758,"Animation,Mystery,Thriller",tt4065758,5.4,17,1
tt3880898,"Animation,Romance",tt3880898,7.9,195,1
tt1715210,"Animation,Romance,Sci-Fi",tt1715210,7.4,3028,1
tt1384961,"Animation,Sci-Fi",tt1384961,5.5,365,1
tt2048804,"Animation,Sci-Fi,Thriller",tt2048804,6.3,715,1
tt6035470,"Animation,Sci-Fi,War",tt6035470,7.1,297,1
tt1794796,"Animation,Sport",tt1794796,6.9,120,1
tt1748199,"Animation,Thriller",tt1748199,6.4,62,1
tt2130320,"Animation,War",tt2130320,7.6,5,1
tt4997844,"Animation,Western",tt4997844,6.3,6,1
tt0337926,Biography,tt0337926,6.0,558,1
tt1525915,"Biography,Comedy",tt1525915,6.3,882,1
tt0780548,"Biography,Comedy,Crime",tt0780548,6.4,8924,1
tt1449183,"Biography,Comedy,Documentary",tt1449183,7.0,66,1
tt0255820,"Biography,Comedy,Drama",tt0255820,5.9,123,1
tt1744826,"Biography,Comedy,Family",tt1744826,5.9,27,1
tt2738836,"Biography,Comedy,Fantasy",tt2738836,4.2,15,1
tt1379651,"Biography,Comedy,History",tt1379651,5.2,5,1
tt3717104,"Biography,Comedy,Horror",tt3717104,6.6,18,1
tt1726727,"Biography,Comedy,Music",tt1726727,8.2,5,1
tt1795674,"Biography,Comedy,Romance",tt1795674,8.3,15,1
tt1997429,"Biography,Comedy,Sci-Fi",tt1997429,6.3,13,1
tt5963354,"Biography,Crime",tt5963354,3.8,64,1
tt1419769,"Biography,Crime,Documentary",tt1419769,7.9,69,1
tt0804463,"Biography,Crime,Drama",tt0804463,6.1,18716,1
tt2152082,"Biography,Crime,History",tt2152082,5.9,7,1
tt2938702,"Biography,Crime,Thriller",tt2938702,7.1,113,1
tt1091863,"Biography,Documentary",tt1091863,7.1,830,1
tt1339500,"Biography,Documentary,Drama",tt1339500,8.7,29,1
tt1507961,"Biography,Documentary,Family",tt1507961,8.5,14,1
tt1391092,"Biography,Documentary,Fantasy",tt1391092,7.6,3113,1
tt0481470,"Biography,Documentary,History",tt0481470,7.5,12,1
tt3135424,"Biography,Documentary,Horror",tt3135424,6.2,543,1
tt0756727,"Biography,Documentary,Music",tt0756727,7.7,1332,1
tt1784493,"Biography,Documentary,Musical",tt1784493,8.7,6,1
tt1568334,"Biography,Documentary,Mystery",tt1568334,7.8,4321,1
tt1617000,"Biography,Documentary,News",tt1617000,7.3,11,1
tt7128608,"Biography,Documentary,Reality-TV",tt7128608,3.6,10,1
tt1413493,"Biography,Documentary,Romance",tt1413493,6.1,470,1
tt1959529,"Biography,Documentary,Sci-Fi",tt1959529,8.3,10,1
tt1322313,"Biography,Documentary,Sport",tt1322313,6.9,1214,1
tt3640710,"Biography,Documentary,Thriller",tt3640710,7.0,1105,1
tt1622549,"Biography,Documentary,War",tt1622549,8.5,38,1
tt2277150,"Biography,Documentary,Western",tt2277150,6.8,44,1
tt0066787,"Biography,Drama",tt0066787,7.2,43,1
tt10052290,"Biography,Drama,Family",tt10052290,5.4,18,1
tt1072748,"Biography,Drama,Fantasy",tt1072748,5.4,24351,1
tt0420293,"Biography,Drama,History",tt0420293,6.9,32591,1
tt1705113,"Biography,Drama,Horror",tt1705113,5.9,764,1
tt0493076,"Biography,Drama,Music",tt0493076,5.3,2246,1
tt1485796,"Biography,Drama,Musical",tt1485796,7.6,199663,1
tt2664074,"Biography,Drama,Mystery",tt2664074,6.5,68,1
tt2183864,"Biography,Drama,News",tt2183864,5.7,7,1
tt0790663,"Biography,Drama,Romance",tt0790663,7.5,4052,1
tt0453562,"Biography,Drama,Sport",tt0453562,7.5,77703,1
tt0977855,"Biography,Drama,Thriller",tt0977855,6.8,43862,1
tt10443808,"Biography,Drama,War",tt10443808,8.8,12,1
tt4975920,"Biography,Drama,Western",tt4975920,6.0,1573,1
tt3543258,"Biography,Family",tt3543258,6.2,744,1
tt2750834,"Biography,Family,Fantasy",tt2750834,6.6,41,1
tt3197802,"Biography,Family,History",tt3197802,8.3,49,1
tt2950418,"Biography,Family,Sport",tt2950418,7.2,3438,1
tt6182372,"Biography,Fantasy",tt6182372,7.4,198,1
tt1662519,"Biography,Fantasy,Horror",tt1662519,6.3,29,1
tt1119630,"Biography,History",tt1119630,6.8,11,1
tt2934614,"Biography,History,Music",tt2934614,8.5,6,1
tt2650486,"Biography,History,Mystery",tt2650486,6.1,49,1
tt2428824,"Biography,History,Romance",tt2428824,7.5,533,1
tt1884380,"Biography,History,Thriller",tt1884380,6.1,129,1
tt7170698,"Biography,History,War",tt7170698,6.6,353,1
tt2991532,"Biography,Horror",tt2991532,3.7,1514,1
tt2523934,"Biography,Music",tt2523934,6.5,62,1
tt7342838,"Biography,Music,Romance",tt7342838,7.5,3570,1
tt6267968,"Biography,Musical",tt6267968,6.4,7,1
tt6697640,"Biography,Romance",tt6697640,6.5,122,1
tt1601195,"Biography,Romance,War",tt1601195,6.9,72,1
tt5946974,"Biography,Sport",tt5946974,6.5,163,1
tt1713440,"Biography,Thriller",tt1713440,7.0,5544,1
tt5604902,"Biography,Thriller,Western",tt5604902,5.4,151,1
tt3526538,"Biography,War",tt3526538,6.2,1522,1
tt0285252,Comedy,tt0285252,3.9,219,1
tt0404978,"Comedy,Crime",tt0404978,5.7,22148,1
tt1587707,"Comedy,Crime,Documentary",tt1587707,8.0,58721,1
tt0337882,"Comedy,Crime,Drama",tt0337882,7.4,14,1
tt1475549,"Comedy,Crime,Family",tt1475549,3.2,479,1
tt3174842,"Comedy,Crime,Fantasy",tt3174842,6.0,52,1
tt1320239,"Comedy,Crime,History",tt1320239,6.2,18431,1
tt1510986,"Comedy,Crime,Horror",tt1510986,2.9,58,1
tt1278449,"Comedy,Crime,Music",tt1278449,7.2,8313,1
tt3289324,"Comedy,Crime,Musical",tt3289324,5.6,5,1
tt0859635,"Comedy,Crime,Mystery",tt0859635,6.1,20104,1
tt1279935,"Comedy,Crime,Romance",tt1279935,6.3,144683,1
tt6203324,"Comedy,Crime,Sci-Fi",tt6203324,6.4,11,1
tt1688701,"Comedy,Crime,Sport",tt1688701,7.6,47,1
tt0938305,"Comedy,Crime,Thriller",tt0938305,6.1,6088,1
tt1117390,"Comedy,Documentary",tt1117390,6.5,21,1
tt1521002,"Comedy,Documentary,Drama",tt1521002,8.5,15,1
tt1863265,"Comedy,Documentary,Family",tt1863265,8.9,7,1
tt4135932,"Comedy,Documentary,Fantasy",tt4135932,9.4,5,1
tt1350629,"Comedy,Documentary,History",tt1350629,6.4,7,1
tt2321768,"Comedy,Documentary,Horror",tt2321768,7.6,18,1
tt1464783,"Comedy,Documentary,Music",tt1464783,7.2,496,1
tt2815498,"Comedy,Documentary,Musical",tt2815498,7.1,7,1
tt2523584,"Comedy,Documentary,Mystery",tt2523584,8.8,21,1
tt1592191,"Comedy,Documentary,News",tt1592191,6.7,94,1
tt1833779,"Comedy,Documentary,Romance",tt1833779,9.1,7,1
tt4324852,"Comedy,Documentary,Sci-Fi",tt4324852,8.5,12,1
tt3171022,"Comedy,Documentary,Sport",tt3171022,6.8,19,1
tt2172891,"Comedy,Documentary,Thriller",tt2172891,5.7,86,1
tt1733484,"Comedy,Documentary,War",tt1733484,7.4,17,1
tt2602506,"Comedy,Documentary,Western",tt2602506,6.5,62,1
tt0069204,"Comedy,Drama",tt0069204,6.1,13,1
tt10183682,"Comedy,Drama,Family",tt10183682,5.8,13,1
tt0100275,"Comedy,Drama,Fantasy",tt0100275,6.5,119,1
tt1259591,"Comedy,Drama,History",tt1259591,6.3,546,1
tt1220224,"Comedy,Drama,Horror",tt1220224,3.7,107,1
tt0433397,"Comedy,Drama,Music",tt0433397,4.7,214,1
tt1235192,"Comedy,Drama,Musical",tt1235192,5.5,8,1
tt1041778,"Comedy,Drama,Mystery",tt1041778,5.4,572,1
tt2613168,"Comedy,Drama,News",tt2613168,5.7,20,1
tt5274440,"Comedy,Drama,Reality-TV",tt5274440,8.8,15,1
tt0365545,"Comedy,Drama,Romance",tt0365545,6.4,6287,1
tt0454155,"Comedy,Drama,Sci-Fi",tt0454155,6.4,19,1
tt1027873,"Comedy,Drama,Sport",tt1027873,3.6,366,1
tt1403990,"Comedy,Drama,Thriller",tt1403990,8.5,31,1
tt0838194,"Comedy,Drama,War",tt0838194,7.9,12,1
tt1349629,"Comedy,Drama,Western",tt1349629,6.3,18,1
tt0383010,"Comedy,Family",tt0383010,5.1,28570,1
tt0808510,"Comedy,Family,Fantasy",tt0808510,5.0,37939,1
tt2978576,"Comedy,Family,History",tt2978576,6.5,1639,1
tt2247065,"Comedy,Family,Horror",tt2247065,6.0,20,1
tt1603444,"Comedy,Family,Music",tt1603444,6.6,63,1
tt1380190,"Comedy,Family,Musical",tt1380190,5.2,240,1
tt2630876,"Comedy,Family,Mystery",tt2630876,6.9,46,1
tt1222817,"Comedy,Family,Romance",tt1222817,5.2,52396,1
tt1468727,"Comedy,Family,Sci-Fi",tt1468727,3.7,275,1
tt1390424,"Comedy,Family,Sport",tt1390424,5.4,283,1
tt1927165,"Comedy,Family,Thriller",tt1927165,6.1,97,1
tt1847738,"Comedy,Family,Western",tt1847738,8.2,20,1
tt1245492,"Comedy,Fantasy",tt1245492,6.6,360556,1
tt1077368,"Comedy,Fantasy,Horror",tt1077368,6.2,229818,1
tt1467385,"Comedy,Fantasy,Music",tt1467385,6.9,277,1
tt1754633,"Comedy,Fantasy,Musical",tt1754633,5.7,386,1
tt2781920,"Comedy,Fantasy,Mystery",tt2781920,6.3,46,1
tt1286766,"Comedy,Fantasy,Romance",tt1286766,5.7,343,1
tt1754743,"Comedy,Fantasy,Sci-Fi",tt1754743,5.6,12,1
tt7431894,"Comedy,Fantasy,Sport",tt7431894,6.2,940,1
tt1935902,"Comedy,Fantasy,Thriller",tt1935902,6.4,13746,1
tt1675197,"Comedy,History",tt1675197,6.6,850,1
tt3437164,"Comedy,History,Horror",tt3437164,1.1,168,1
tt3797700,"Comedy,History,Music",tt3797700,5.7,149,1
tt6395628,"Comedy,History,Musical",tt6395628,8.3,172,1
tt2022441,"Comedy,History,Mystery",tt2022441,7.2,62,1
tt5245942,"Comedy,History,News",tt5245942,6.2,15,1
tt5961314,"Comedy,History,Romance",tt5961314,6.2,243,1
tt7266798,"Comedy,History,Sport",tt7266798,6.6,43,1
tt1329309,"Comedy,History,War",tt1329309,6.4,28,1
tt0464154,"Comedy,Horror",tt0464154,5.4,81327,1
tt2084763,"Comedy,Horror,Music",tt2084763,7.2,62,1
tt1067090,"Comedy,Horror,Musical",tt1067090,6.2,47,1
tt1595025,"Comedy,Horror,Mystery",tt1595025,5.0,99,1
tt1545106,"Comedy,Horror,Romance",tt1545106,5.2,8838,1
tt1525366,"Comedy,Horror,Sci-Fi",tt1525366,6.3,15727,1
tt1954374,"Comedy,Horror,Sport",tt1954374,5.3,478,1
tt0772179,"Comedy,Horror,Thriller",tt0772179,4.5,95,1
tt4020324,"Comedy,Horror,War",tt4020324,5.0,23,1
tt4405860,"Comedy,Horror,Western",tt4405860,3.2,1124,1
tt1307920,"Comedy,Music",tt1307920,7.7,13,1
tt2083223,"Comedy,Music,Musical",tt2083223,8.2,8,1
tt0821486,"Comedy,Music,Romance",tt0821486,5.6,19,1
tt1744674,"Comedy,Music,Sci-Fi",tt1744674,5.0,18,1
tt8858104,"Comedy,Music,Thriller",tt8858104,6.9,5587,1
tt3164256,"Comedy,Music,War",tt3164256,5.5,9587,1
tt1161411,"Comedy,Musical",tt1161411,4.9,337,1
tt0882741,"Comedy,Musical,Romance",tt0882741,7.2,59,1
tt2078709,"Comedy,Musical,Sci-Fi",tt2078709,5.6,36,1
tt5161302,"Comedy,Musical,Sport",tt5161302,1.4,28,1
tt1748088,"Comedy,Musical,War",tt1748088,5.7,26,1
tt4459758,"Comedy,Musical,Western",tt4459758,8.2,186,1
tt1263779,"Comedy,Mystery",tt1263779,6.3,30,1
tt1523483,"Comedy,Mystery,Romance",tt1523483,5.7,11858,1
tt1828965,"Comedy,Mystery,Sci-Fi",tt1828965,7.0,5,1
tt1641824,"Comedy,Mystery,Thriller",tt1641824,8.0,80,1
tt2649660,"Comedy,News",tt2649660,5.7,9,1
tt4807744,"Comedy,Reality-TV",tt4807744,7.6,13,1
tt0452183,"Comedy,Romance",tt0452183,6.4,77,1
tt1396208,"Comedy,Romance,Sci-Fi",tt1396208,4.2,4953,1
tt1407061,"Comedy,Romance,Sport",tt1407061,5.9,12466,1
tt1593807,"Comedy,Romance,Thriller",tt1593807,6.1,264,1
tt4346036,"Comedy,Romance,Western",tt4346036,4.1,14,1
tt0841185,"Comedy,Sci-Fi",tt0841185,6.6,50,1
tt3418092,"Comedy,Sci-Fi,Sport",tt3418092,7.1,7,1
tt1521803,"Comedy,Sci-Fi,Thriller",tt1521803,6.9,16,1
tt3295330,"Comedy,Sci-Fi,Western",tt3295330,7.5,38,1
tt1262978,"Comedy,Sport",tt1262978,4.7,100,1
tt6774126,"Comedy,Sport,Thriller",tt6774126,4.9,210,1
tt3263192,"Comedy,Sport,Western",tt3263192,6.4,17,1
tt10366330,"Comedy,Thriller",tt10366330,8.1,10,1
tt1783285,"Comedy,Thriller,Western",tt1783285,6.1,711,1
tt1814671,"Comedy,War",tt1814671,5.4,42,1
tt1231289,"Comedy,Western",tt1231289,6.6,16,1
tt0984084,Crime,tt0984084,5.5,40,1
tt0963292,"Crime,Documentary",tt0963292,6.0,215,1
tt1659217,"Crime,Documentary,Drama",tt1659217,8.9,10,1
tt3196650,"Crime,Documentary,Family",tt3196650,7.2,6,1
tt5189860,"Crime,Documentary,Fantasy",tt5189860,5.0,22,1
tt1240548,"Crime,Documentary,History",tt1240548,8.7,46,1
tt1311713,"Crime,Documentary,Music",tt1311713,7.1,64,1
tt1588446,"Crime,Documentary,Mystery",tt1588446,6.7,112,1
tt1616162,"Crime,Documentary,News",tt1616162,6.6,24,1
tt4552298,"Crime,Documentary,Romance",tt4552298,7.1,1180,1
tt6627134,"Crime,Documentary,Sport",tt6627134,7.4,349,1
tt2178953,"Crime,Documentary,Thriller",tt2178953,6.8,48,1
tt3392412,"Crime,Documentary,War",tt3392412,7.6,54,1
tt0250404,"Crime,Drama",tt0250404,6.7,236,1
tt1652343,"Crime,Drama,Family",tt1652343,4.4,7,1
tt1196939,"Crime,Drama,Fantasy",tt1196939,7.0,31,1
tt0968264,"Crime,Drama,History",tt0968264,6.9,26416,1
tt0445054,"Crime,Drama,Horror",tt0445054,6.5,6705,1
tt1117668,"Crime,Drama,Music",tt1117668,5.0,229,1
tt1843840,"Crime,Drama,Musical",tt1843840,6.4,414,1
tt1092634,"Crime,Drama,Mystery",tt1092634,6.4,8662,1
tt3311058,"Crime,Drama,News",tt3311058,4.5,13,1
tt0837559,"Crime,Drama,Romance",tt0837559,5.0,239,1
tt1954798,"Crime,Drama,Sci-Fi",tt1954798,3.8,31,1
tt1571219,"Crime,Drama,Sport",tt1571219,6.3,464,1
tt0409379,"Crime,Drama,Thriller",tt0409379,6.2,7045,1
tt1229381,"Crime,Drama,War",tt1229381,6.6,3414,1
tt1821355,"Crime,Drama,Western",tt1821355,3.7,247,1
tt2945504,"Crime,Family",tt2945504,5.7,55,1
tt2974050,"Crime,Family,Horror",tt2974050,4.5,4841,1
tt2401067,"Crime,Family,Thriller",tt2401067,6.9,27,1
tt2597342,"Crime,Fantasy,Horror",tt2597342,7.4,7,1
tt2071582,"Crime,Fantasy,Mystery",tt2071582,5.4,383,1
tt2843344,"Crime,Fantasy,Thriller",tt2843344,6.5,847,1
tt5646434,"Crime,History",tt5646434,6.5,24,1
tt1846526,"Crime,History,Thriller",tt1846526,6.5,4964,1
tt1870554,"Crime,Horror",tt1870554,6.8,32,1
tt1849824,"Crime,Horror,Musical",tt1849824,3.1,148,1
tt1312233,"Crime,Horror,Mystery",tt1312233,7.0,21,1
tt3218580,"Crime,Horror,Romance",tt3218580,6.2,2301,1
tt3081268,"Crime,Horror,Sci-Fi",tt3081268,5.1,2772,1
tt1100051,"Crime,Horror,Thriller",tt1100051,5.1,6239,1
tt2368010,"Crime,Music,Mystery",tt2368010,6.5,28,1
tt2948530,"Crime,Music,Thriller",tt2948530,4.5,396,1
tt2633114,"Crime,Musical",tt2633114,3.9,194,1
tt3166542,"Crime,Musical,Thriller",tt3166542,6.8,43,1
tt1713949,"Crime,Mystery",tt1713949,7.5,13,1
tt2069961,"Crime,Mystery,Romance",tt2069961,5.9,32,1
tt1475143,"Crime,Mystery,Sci-Fi",tt1475143,6.5,15,1
tt1132285,"Crime,Mystery,Thriller",tt1132285,5.8,10075,1
tt8009578,"Crime,Mystery,Western",tt8009578,5.0,145,1
tt2317135,"Crime,Romance",tt2317135,4.6,268,1
tt1753806,"Crime,Romance,Thriller",tt1753806,5.1,15,1
tt2245137,"Crime,Sci-Fi",tt2245137,3.7,68,1
tt1847544,"Crime,Sci-Fi,Thriller",tt1847544,3.3,7,1
tt1170380,"Crime,Sport,Thriller",tt1170380,5.8,25,1
tt0458481,"Crime,Thriller",tt0458481,6.5,140666,1
tt3715392,"Crime,Thriller,Western",tt3715392,6.9,21,1
tt2507106,"Crime,Western",tt2507106,6.4,5,1
tt0159369,Documentary,tt0159369,7.6,53,1
tt0795459,"Documentary,Drama",tt0795459,6.8,748,1
tt1462647,"Documentary,Drama,Family",tt1462647,7.5,17,1
tt2891774,"Documentary,Drama,Fantasy",tt2891774,5.9,39,1
tt1147543,"Documentary,Drama,History",tt1147543,8.5,48,1
tt1854294,"Documentary,Drama,Horror",tt1854294,7.6,40,1
tt1411274,"Documentary,Drama,Music",tt1411274,7.2,287,1
tt1758576,"Documentary,Drama,Musical",tt1758576,7.0,1185,1
tt1584016,"Documentary,Drama,Mystery",tt1584016,7.1,38656,1
tt1433856,"Documentary,Drama,News",tt1433856,6.6,26,1
tt1548927,"Documentary,Drama,Reality-TV",tt1548927,7.2,6,1
tt1720220,"Documentary,Drama,Romance",tt1720220,7.5,8,1
tt1049412,"Documentary,Drama,Sci-Fi",tt1049412,6.6,252,1
tt1407927,"Documentary,Drama,Sport",tt1407927,7.6,2762,1
tt2473514,"Documentary,Drama,Thriller",tt2473514,8.8,8,1
tt1601184,"Documentary,Drama,War",tt1601184,7.2,196,1
tt2096560,"Documentary,Drama,Western",tt2096560,2.9,237,1
tt1337645,"Documentary,Family",tt1337645,7.0,6,1
tt1745717,"Documentary,Family,Fantasy",tt1745717,7.0,7,1
tt1578818,"Documentary,Family,History",tt1578818,8.4,5,1
tt1505405,"Documentary,Family,Music",tt1505405,7.4,118,1
tt3856476,"Documentary,Family,Musical",tt3856476,9.3,19,1
tt3792994,"Documentary,Family,Mystery",tt3792994,7.6,16,1
tt1222816,"Documentary,Family,News",tt1222816,7.4,375,1
tt1740810,"Documentary,Family,Romance",tt1740810,9.7,25,1
tt9081788,"Documentary,Family,Sci-Fi",tt9081788,6.5,28,1
tt1730320,"Documentary,Family,Sport",tt1730320,8.2,6,1
tt3420726,"Documentary,Family,War",tt3420726,9.0,5,1
tt2651214,"Documentary,Family,Western",tt2651214,7.3,48,1
tt1950433,"Documentary,Fantasy",tt1950433,7.8,5,1
tt2070853,"Documentary,Fantasy,History",tt2070853,7.5,162,1
tt1773715,"Documentary,Fantasy,Horror",tt1773715,8.0,14,1
tt3721796,"Documentary,Fantasy,Mystery",tt3721796,8.3,7,1
tt2234495,"Documentary,Fantasy,Sci-Fi",tt2234495,6.7,33,1
tt0277964,"Documentary,History",tt0277964,7.0,31,1
tt2032398,"Documentary,History,Horror",tt2032398,7.4,8,1
tt1417592,"Documentary,History,Music",tt1417592,8.3,7286,1
tt2962144,"Documentary,History,Musical",tt2962144,6.5,6,1
tt1798162,"Documentary,History,Mystery",tt1798162,6.3,16,1
tt1521721,"Documentary,History,News",tt1521721,7.5,28,1
tt4870190,"Documentary,History,Reality-TV",tt4870190,6.9,29,1
tt2223676,"Documentary,History,Romance",tt2223676,7.3,30,1
tt1541881,"Documentary,History,Sci-Fi",tt1541881,6.8,5,1
tt1250861,"Documentary,History,Sport",tt1250861,6.2,416,1
tt2466950,"Documentary,History,Thriller",tt2466950,7.3,60,1
tt1517606,"Documentary,History,War",tt1517606,6.6,23,1
tt1924274,"Documentary,History,Western",tt1924274,8.7,15,1
tt1536421,"Documentary,Horror",tt1536421,6.8,317,1
tt4222512,"Documentary,Horror,Mystery",tt4222512,4.3,7,1
tt3176998,"Documentary,Horror,News",tt3176998,7.1,7,1
tt3254656,"Documentary,Horror,Romance",tt3254656,6.2,684,1
tt1992222,"Documentary,Horror,Thriller",tt1992222,4.6,26,1
tt0770802,"Documentary,Music",tt0770802,8.5,29725,1
tt1561329,"Documentary,Music,Musical",tt1561329,8.2,25,1
tt2038260,"Documentary,Music,Mystery",tt2038260,7.6,64,1
tt2265567,"Documentary,Music,News",tt2265567,7.6,97,1
tt6511076,"Documentary,Music,Reality-TV",tt6511076,6.8,6,1
tt1722476,"Documentary,Music,Romance",tt1722476,6.9,717,1
tt2007499,"Documentary,Music,Sport",tt2007499,7.9,28,1
tt1735937,"Documentary,Music,War",tt1735937,8.6,13,1
tt1653853,"Documentary,Musical",tt1653853,7.2,44,1
tt2772764,"Documentary,Musical,Mystery",tt2772764,7.3,7,1
tt1563670,"Documentary,Mystery",tt1563670,6.2,19,1
tt2362020,"Documentary,Mystery,News",tt2362020,8.5,6,1
tt5424590,"Documentary,Mystery,Sci-Fi",tt5424590,7.4,89,1
tt3018596,"Documentary,Mystery,Thriller",tt3018596,7.4,42,1
tt1426386,"Documentary,News",tt1426386,7.4,559,1
tt3201538,"Documentary,News,Reality-TV",tt3201538,8.8,8,1
tt2837866,"Documentary,News,Romance",tt2837866,7.1,258,1
tt4477888,"Documentary,News,Sport",tt4477888,8.8,25,1
tt2458876,"Documentary,News,Thriller",tt2458876,5.4,340,1
tt1763295,"Documentary,News,War",tt1763295,6.5,12,1
tt1563778,"Documentary,Reality-TV",tt1563778,4.8,171,1
tt1545021,"Documentary,Romance",tt1545021,6.3,167,1
tt1692889,"Documentary,Sci-Fi",tt1692889,7.1,139,1
tt1020904,"Documentary,Sport",tt1020904,8.0,70,1
tt6333060,"Documentary,Sport,Thriller",tt6333060,7.9,28979,1
tt5127878,"Documentary,Sport,War",tt5127878,7.1,33,1
tt1542045,"Documentary,Thriller",tt1542045,7.6,14,1
tt1047850,"Documentary,War",tt1047850,8.0,8,1
tt1532296,"Documentary,Western",tt1532296,8.7,20,1
tt0069049,Drama,tt0069049,6.9,4517,1
tt0328810,"Drama,Family",tt0328810,7.9,61,1
tt1295059,"Drama,Family,Fantasy",tt1295059,6.2,362,1
tt1606618,"Drama,Family,History",tt1606618,5.8,123,1
tt1592770,"Drama,Family,Horror",tt1592770,7.1,45,1
tt1425922,"Drama,Family,Music",tt1425922,4.6,1901,1
tt1694565,"Drama,Family,Musical",tt1694565,5.5,6,1
tt1776065,"Drama,Family,Mystery",tt1776065,6.1,15,1
tt4253132,"Drama,Family,News",tt4253132,6.4,16,1
tt1631365,"Drama,Family,Romance",tt1631365,6.8,100,1
tt1537280,"Drama,Family,Sci-Fi",tt1537280,6.4,12,1
tt1422916,"Drama,Family,Sport",tt1422916,4.6,231,1
tt1605791,"Drama,Family,Thriller",tt1605791,7.4,226,1
tt1742128,"Drama,Family,War",tt1742128,4.1,9,1
tt3978152,"Drama,Family,Western",tt3978152,7.1,23,1
tt0478304,"Drama,Fantasy",tt0478304,6.8,156266,1
tt0970955,"Drama,Fantasy,History",tt0970955,7.5,12,1
tt0433533,"Drama,Fantasy,Horror",tt0433533,5.2,168,1
tt1355630,"Drama,Fantasy,Music",tt1355630,6.8,107625,1
tt1534072,"Drama,Fantasy,Musical",tt1534072,8.7,7,1
tt0843839,"Drama,Fantasy,Mystery",tt0843839,7.4,35,1
tt0499608,"Drama,Fantasy,Romance",tt0499608,5.6,31,1
tt1288411,"Drama,Fantasy,Sci-Fi",tt1288411,6.1,203,1
tt0770778,"Drama,Fantasy,Thriller",tt0770778,4.0,449,1
tt1754871,"Drama,Fantasy,Western",tt1754871,5.0,9,1
tt2088950,"Drama,Game-Show,Thriller",tt2088950,5.6,3462,1
tt1064960,"Drama,History",tt1064960,6.1,9,1
tt2131579,"Drama,History,Horror",tt2131579,4.8,134,1
tt2624704,"Drama,History,Music",tt2624704,7.7,1049,1
tt1707386,"Drama,History,Musical",tt1707386,7.6,285971,1
tt1859565,"Drama,History,Mystery",tt1859565,6.6,34,1
tt2430074,"Drama,History,News",tt2430074,7.8,6,1
tt0491203,"Drama,History,Romance",tt0491203,6.2,15037,1
tt1974232,"Drama,History,Sci-Fi",tt1974232,7.2,10,1
tt1777034,"Drama,History,Sport",tt1777034,7.5,9945,1
tt1454700,"Drama,History,Thriller",tt1454700,7.1,565,1
tt0403645,"Drama,History,War",tt0403645,4.1,3907,1
tt3129682,"Drama,History,Western",tt3129682,8.3,6,1
tt0323808,"Drama,Horror",tt0323808,3.9,2328,1
tt1667488,"Drama,Horror,Music",tt1667488,6.0,9,1
tt2463692,"Drama,Horror,Musical",tt2463692,6.3,631,1
tt0498381,"Drama,Horror,Mystery",tt0498381,4.5,34151,1
tt0850677,"Drama,Horror,Romance",tt0850677,4.5,2538,1
tt0462335,"Drama,Horror,Sci-Fi",tt0462335,5.6,33746,1
tt1087461,"Drama,Horror,Thriller",tt1087461,4.7,7652,1
tt2370410,"Drama,Horror,Western",tt2370410,4.5,164,1
tt0811069,"Drama,Music",tt0811069,7.4,65,1
tt1126591,"Drama,Music,Musical",tt1126591,6.4,71021,1
tt2382054,"Drama,Music,Mystery",tt2382054,4.5,102,1
tt4084912,"Drama,Music,News",tt4084912,5.2,41,1
tt0482459,"Drama,Music,Romance",tt0482459,6.8,402,1
tt1541874,"Drama,Music,Sci-Fi",tt1541874,5.6,8251,1
tt1572774,"Drama,Music,Thriller",tt1572774,4.7,38,1
tt1710625,"Drama,Music,War",tt1710625,6.8,713,1
tt1152278,"Drama,Musical",tt1152278,7.5,86,1
tt0977643,"Drama,Musical,Romance",tt0977643,4.4,7,1
tt1740744,"Drama,Musical,Sci-Fi",tt1740744,5.6,7,1
tt1821373,"Drama,Musical,Thriller",tt1821373,7.2,730,1
tt1234540,"Drama,Musical,War",tt1234540,5.8,191,1
tt5605728,"Drama,Musical,Western",tt5605728,6.5,71,1
tt0247643,"Drama,Mystery",tt0247643,4.0,12,1
tt3957080,"Drama,Mystery,News",tt3957080,7.3,7,1
tt1236371,"Drama,Mystery,Romance",tt1236371,7.5,2928,1
tt0419692,"Drama,Mystery,Sci-Fi",tt0419692,4.5,190,1
tt0326965,"Drama,Mystery,Thriller",tt0326965,5.5,1889,1
tt0787442,"Drama,Mystery,War",tt0787442,7.1,3733,1
tt2378585,"Drama,Mystery,Western",tt2378585,7.1,31,1
tt2765978,"Drama,News",tt2765978,8.4,5,1
tt2774262,"Drama,News,Thriller",tt2774262,6.7,44,1
tt1611913,"Drama,News,War",tt1611913,7.3,13,1
tt0443331,"Drama,Romance",tt0443331,4.1,1571,1
tt0435651,"Drama,Romance,Sci-Fi",tt0435651,6.5,104999,1
tt1381406,"Drama,Romance,Sport",tt1381406,2.9,351,1
tt1116183,"Drama,Romance,Thriller",tt1116183,3.8,123,1
tt0443533,"Drama,Romance,War",tt0443533,6.3,1024,1
tt1745816,"Drama,Romance,Western",tt1745816,3.9,14,1
tt0934446,"Drama,Sci-Fi",tt0934446,3.8,299,1
tt3779844,"Drama,Sci-Fi,Sport",tt3779844,7.0,88,1
tt0360556,"Drama,Sci-Fi,Thriller",tt0360556,4.9,14469,1
tt2461504,"Drama,Sci-Fi,War",tt2461504,7.6,9,1
tt2150534,"Drama,Sci-Fi,Western",tt2150534,4.7,40,1
tt0479051,"Drama,Sport",tt0479051,6.5,40,1
tt1937449,"Drama,Sport,Thriller",tt1937449,5.7,6806,1
tt0439724,"Drama,Thriller",tt0439724,7.5,26,1
tt1372686,"Drama,Thriller,War",tt1372686,6.1,29654,1
tt1268970,"Drama,Thriller,Western",tt1268970,4.3,786,1
tt0816442,"Drama,War",tt0816442,7.6,119023,1
tt2936180,"Drama,War,Western",tt2936180,7.2,5851,1
tt1384925,"Drama,Western",tt1384925,5.1,690,1
tt1232202,Family,tt1232202,5.3,132,1
tt0768187,"Family,Fantasy",tt0768187,6.1,111,1
tt1185244,"Family,Fantasy,Horror",tt1185244,4.7,452,1
tt3806888,"Family,Fantasy,Music",tt3806888,4.9,61,1
tt2771200,"Family,Fantasy,Musical",tt2771200,7.2,238325,1
tt4861720,"Family,Fantasy,Mystery",tt4861720,5.2,62,1
tt1464606,"Family,Fantasy,Romance",tt1464606,5.6,818,1
tt1813496,"Family,Fantasy,Sci-Fi",tt1813496,6.0,43,1
tt2325880,"Family,Fantasy,Western",tt2325880,6.5,27,1
tt2956808,"Family,History,War",tt2956808,8.0,40,1
tt3104228,"Family,Horror,Romance",tt3104228,4.6,25,1
tt2231231,"Family,Horror,Thriller",tt2231231,6.7,102,1
tt4212580,"Family,Music",tt4212580,6.6,7,1
tt2505818,"Family,Music,Romance",tt2505818,6.0,326,1
tt1482130,"Family,Musical",tt1482130,5.4,27,1
tt2598580,"Family,Musical,Romance",tt2598580,2.7,237,1
tt1954648,"Family,Musical,Sport",tt1954648,6.4,8,1
tt1648099,"Family,Mystery",tt1648099,6.9,767,1
tt5123866,"Family,Mystery,Sport",tt5123866,4.5,130,1
tt2088832,"Family,Mystery,Thriller",tt2088832,5.1,589,1
tt1683909,"Family,Romance",tt1683909,4.9,10,1
tt3044702,"Family,Sci-Fi",tt3044702,5.0,204,1
tt2294789,"Family,Sci-Fi,Thriller",tt2294789,5.4,77,1
tt0483586,"Family,Sport",tt0483586,6.5,759,1
tt2167708,"Family,Thriller",tt2167708,6.7,6,1
tt8248820,"Family,War",tt8248820,5.8,5,1
tt5321174,"Family,Western",tt5321174,5.4,243,1
tt0417610,Fantasy,tt0417610,6.4,80,1
tt4301200,"Fantasy,History,Music",tt4301200,7.6,18,1
tt3122436,"Fantasy,History,Mystery",tt3122436,3.3,121,1
tt1640224,"Fantasy,History,Romance",tt1640224,7.9,33,1
tt1055363,"Fantasy,Horror",tt1055363,3.5,826,1
tt2119392,"Fantasy,Horror,Music",tt2119392,6.0,6,1
tt1546401,"Fantasy,Horror,Musical",tt1546401,5.1,26,1
tt1034415,"Fantasy,Horror,Mystery",tt1034415,6.8,37360,1
tt4429588,"Fantasy,Horror,Romance",tt4429588,4.4,139,1
tt1608369,"Fantasy,Horror,Sci-Fi",tt1608369,2.6,264,1
tt0478660,"Fantasy,Horror,Thriller",tt0478660,6.2,10,1
tt4287470,"Fantasy,Horror,Western",tt4287470,4.5,508,1
tt1625077,"Fantasy,Music",tt1625077,8.1,12,1
tt1861336,"Fantasy,Music,Romance",tt1861336,6.6,11,1
tt2049386,"Fantasy,Musical",tt2049386,6.5,6,1
tt2044863,"Fantasy,Musical,Sci-Fi",tt2044863,7.9,539,1
tt1843879,"Fantasy,Mystery",tt1843879,7.6,7,1
tt1501652,"Fantasy,Mystery,Romance",tt1501652,4.5,1266,1
tt1794784,"Fantasy,Mystery,Sci-Fi",tt1794784,5.7,189,1
tt1688444,"Fantasy,Mystery,Thriller",tt1688444,8.2,6,1
tt1611845,"Fantasy,Romance",tt1611845,5.4,75,1
tt1664662,"Fantasy,Romance,Sci-Fi",tt1664662,6.0,581,1
tt1712049,"Fantasy,Romance,Thriller",tt1712049,8.2,9,1
tt1522203,"Fantasy,Sci-Fi",tt1522203,5.0,24,1
tt1597044,"Fantasy,Sci-Fi,Thriller",tt1597044,5.8,13,1
tt1558246,"Fantasy,Thriller",tt1558246,3.6,416,1
tt2896176,Game-Show,tt2896176,9.0,7,1
tt0154039,History,tt0154039,4.6,64,1
tt2173826,"History,Horror",tt2173826,3.0,47,1
tt4565230,"History,Horror,Mystery",tt4565230,4.7,23,1
tt1743248,"History,Horror,Thriller",tt1743248,5.9,22,1
tt1407085,"History,Music",tt1407085,7.0,443,1
tt6340264,"History,Musical",tt6340264,5.7,674,1
tt4411878,"History,Musical,Romance",tt4411878,7.4,8,1
tt8318556,"History,Mystery,Thriller",tt8318556,7.1,49,1
tt3046080,"History,Romance",tt3046080,5.9,210,1
tt5759434,"History,Romance,War",tt5759434,6.1,560,1
tt3528486,"History,Romance,Western",tt3528486,7.5,17,1
tt2412560,"History,Sci-Fi",tt2412560,5.1,26,1
tt4656810,"History,Sci-Fi,Thriller",tt4656810,2.3,227,1
tt5903964,"History,Sport",tt5903964,9.2,5,1
tt3709552,"History,Thriller",tt3709552,5.5,1251,1
tt1904887,"History,Thriller,War",tt1904887,5.8,877,1
tt4078512,"History,War",tt4078512,8.9,11,1
tt3447676,"History,Western",tt3447676,5.5,198,1
tt0339736,Horror,tt0339736,5.6,2420,1
tt2573822,"Horror,Music",tt2573822,6.6,70,1
tt1984177,"Horror,Music,Mystery",tt1984177,6.0,1217,1
tt1323529,"Horror,Music,Sci-Fi",tt1323529,6.7,69,1
tt2076954,"Horror,Music,Thriller",tt2076954,5.8,65,1
tt1582270,"Horror,Musical",tt1582270,5.5,327,1
tt4194328,"Horror,Musical,Romance",tt4194328,5.2,5,1
tt0768222,"Horror,Mystery",tt0768222,5.9,5392,1
tt0495024,"Horror,Mystery,Romance",tt0495024,5.6,78,1
tt0905372,"Horror,Mystery,Sci-Fi",tt0905372,6.2,111900,1
tt0431021,"Horror,Mystery,Thriller",tt0431021,5.9,53649,1
tt1433330,"Horror,Romance",tt1433330,6.5,13,1
tt2293814,"Horror,Romance,Sci-Fi",tt2293814,4.8,5,1
tt1016090,"Horror,Romance,Thriller",tt1016090,5.9,1878,1
tt1245111,"Horror,Sci-Fi",tt1245111,3.1,408,1
tt0848554,"Horror,Sci-Fi,Thriller",tt0848554,3.8,747,1
tt5958758,"Horror,Sci-Fi,War",tt5958758,5.3,61,1
tt1320098,"Horror,Sport,Thriller",tt1320098,5.4,18,1
tt0112502,"Horror,Thriller",tt0112502,4.1,32,1
tt2365007,"Horror,Thriller,War",tt2365007,5.2,14,1
tt2749034,"Horror,Thriller,Western",tt2749034,7.3,12,1
tt2089863,"Horror,War",tt2089863,3.1,153,1
tt3214700,"Horror,Western",tt3214700,5.2,10,1
tt10346206,Music,tt10346206,8.4,26,1
tt2182099,"Music,Musical",tt2182099,6.9,34,1
tt2392706,"Music,Musical,Romance",tt2392706,8.4,10,1
tt1954785,"Music,Mystery",tt1954785,9.0,5,1
tt2039345,"Music,Mystery,Thriller",tt2039345,5.9,16260,1
tt1495997,"Music,Romance",tt1495997,8.1,9,1
tt0466553,Musical,tt0466553,7.8,25,1
tt3573598,"Musical,Mystery,Thriller",tt3573598,5.3,1719,1
tt1588335,"Musical,Romance",tt1588335,5.2,170,1
tt2353824,"Musical,Romance,Thriller",tt2353824,4.7,16,1
tt2018096,"Musical,Sci-Fi",tt2018096,6.7,16,1
tt2801722,"Musical,Thriller",tt2801722,5.7,57,1
tt0865911,Mystery,tt0865911,6.6,11,1
tt2606314,"Mystery,News,Thriller",tt2606314,8.4,92,1
tt0937353,"Mystery,Romance",tt0937353,1.7,201,1
tt2414766,"Mystery,Romance,Sci-Fi",tt2414766,6.8,12866,1
tt1654523,"Mystery,Romance,Thriller",tt1654523,6.8,16694,1
tt1823684,"Mystery,Sci-Fi",tt1823684,5.9,588,1
tt1219289,"Mystery,Sci-Fi,Thriller",tt1219289,7.4,492490,1
tt0463960,"Mystery,Thriller",tt0463960,3.6,1470,1
tt1510983,"Mystery,Thriller,Western",tt1510983,5.2,379,1
tt2097994,News,tt2097994,5.6,12,1
tt3402720,Reality-TV,tt3402720,4.7,7,1
tt0850678,Romance,tt0850678,6.1,15,1
tt2306633,"Romance,Sci-Fi",tt2306633,5.6,209,1
tt1385826,"Romance,Sci-Fi,Thriller",tt1385826,7.1,227616,1
tt2005153,"Romance,Sport",tt2005153,5.5,658,1
tt1337338,"Romance,Thriller",tt1337338,5.4,180,1
tt2243249,"Romance,War",tt2243249,6.5,10,1
tt6281242,"Romance,Western",tt6281242,6.8,1564,1
tt0283440,Sci-Fi,tt0283440,6.6,16,1
tt0847825,"Sci-Fi,Thriller",tt0847825,4.8,1503,1
tt1301309,"Sci-Fi,Western",tt1301309,7.0,27,1
tt1461432,Sport,tt1461432,7.6,63,1
tt3259276,"Sport,Thriller",tt3259276,5.9,246,1
tt0293069,Thriller,tt0293069,6.6,1053,1
tt1561768,"Thriller,War",tt1561768,6.1,7054,1
tt1530983,"Thriller,Western",tt1530983,6.4,7874,1
tt1512306,War,tt1512306,9.0,5,1
tt0840789,Western,tt0840789,6.1,70,1
